Date,PX_LAST,YLD_CNV_LAST
31/10/2023,92.697,7.668
30/10/2023,94.096,7.509
27/10/2023,94.839,7.426
26/10/2023,94.592,7.453
25/10/2023,93.871,7.534
24/10/2023,95.865,7.313
23/10/2023,94.54,7.459
20/10/2023,93.963,7.523
19/10/2023,94.154,7.502
18/10/2023,94.945,7.414
17/10/2023,94.624,7.449
16/10/2023,94.943,7.414
13/10/2023,95.181,7.387
12/10/2023,94.101,7.507
11/10/2023,95.704,7.33
10/10/2023,94.789,7.431
06/10/2023,93.1,7.62
05/10/2023,94.13,7.504
04/10/2023,94.481,7.464
03/10/2023,94.096,7.507
02/10/2023,95.199,7.385
29/09/2023,95.468,7.355
28/09/2023,95.388,7.364
27/09/2023,95.246,7.379
26/09/2023,95.233,7.381
25/09/2023,95.207,7.384
22/09/2023,96.285,7.266
21/09/2023,96.465,7.246
20/09/2023,96.154,7.28
19/09/2023,96.333,7.261
18/09/2023,96.674,7.224
15/09/2023,96.484,7.244
14/09/2023,96.599,7.232
13/09/2023,96.387,7.255
12/09/2023,96.633,7.228
11/09/2023,96.291,7.265
08/09/2023,96.271,7.267
07/09/2023,96.81,7.209
06/09/2023,96.993,7.189
05/09/2023,97.15,7.172
01/09/2023,97.94,7.088
31/08/2023,97.512,7.134
30/08/2023,97.237,7.163
29/08/2023,97.61,7.123
28/08/2023,97.08,7.18
25/08/2023,97.286,7.158
24/08/2023,96.653,7.226
23/08/2023,96.956,7.193
22/08/2023,95.599,7.34
21/08/2023,95.949,7.302
18/08/2023,95.814,7.316
17/08/2023,96.361,7.257
16/08/2023,96.525,7.239
15/08/2023,96.798,7.21
14/08/2023,97.563,7.128
11/08/2023,97.171,7.17
10/08/2023,98.306,7.05
09/08/2023,97.87,7.096
08/08/2023,97.502,7.135
07/08/2023,97.32,7.154
04/08/2023,97.8,7.103
03/08/2023,97.399,7.146
02/08/2023,97.754,7.108
01/08/2023,97.856,7.097
31/07/2023,98.785,7
28/07/2023,97.869,7.096
27/07/2023,97.442,7.141
26/07/2023,98.184,7.063
25/07/2023,98.155,7.066
24/07/2023,97.837,7.1
21/07/2023,98.788,7
20/07/2023,97.74,7.11
19/07/2023,98.59,7.021
18/07/2023,98.096,7.072
17/07/2023,97.871,7.096
14/07/2023,97.912,7.092
13/07/2023,98.023,7.08
12/07/2023,97.184,7.168
11/07/2023,97.062,7.181
10/07/2023,96.356,7.257
07/07/2023,96.124,7.282
06/07/2023,96.649,7.225
05/07/2023,97.25,7.161
03/07/2023,97.888,7.094
30/06/2023,97.632,7.12
29/06/2023,96.192,7.274
28/06/2023,97.994,7.082
27/06/2023,97.983,7.083
26/06/2023,98.038,7.077
23/06/2023,97.736,7.109
22/06/2023,97.577,7.126
21/06/2023,97.859,7.096
20/06/2023,98.37,7.042
16/06/2023,97.046,7.182
15/06/2023,96.984,7.188
14/06/2023,96.983,7.188
13/06/2023,96.337,7.257
12/06/2023,96.72,7.216
09/06/2023,96.386,7.252
08/06/2023,96.996,7.187
07/06/2023,96.713,7.217
06/06/2023,97.356,7.148
05/06/2023,96.695,7.218
02/06/2023,96.524,7.237
01/06/2023,97.028,7.183
31/05/2023,96.504,7.239
30/05/2023,97.306,7.153
26/05/2023,96.03,7.289
25/05/2023,95.843,7.31
24/05/2023,95.928,7.3
23/05/2023,96.251,7.265
22/05/2023,96.905,7.196
19/05/2023,96.351,7.255
18/05/2023,96.544,7.234
17/05/2023,96.498,7.239
16/05/2023,96.127,7.278
15/05/2023,96.668,7.22
12/05/2023,96.782,7.208
11/05/2023,96.685,7.219
10/05/2023,96.897,7.196
09/05/2023,96.996,7.185
08/05/2023,96.331,7.256
05/05/2023,97.414,7.141
04/05/2023,96.42,7.246
03/05/2023,96.84,7.202
02/05/2023,96.921,7.193
01/05/2023,96.263,7.263
28/04/2023,97.456,7.136
27/04/2023,96.764,7.21
26/04/2023,97.631,7.118
25/04/2023,97.597,7.121
24/04/2023,97.005,7.184
21/04/2023,97.348,7.148
20/04/2023,97.089,7.175
19/04/2023,97.35,7.147
18/04/2023,97.414,7.141
17/04/2023,96.846,7.201
14/04/2023,97.837,7.096
13/04/2023,97.533,7.128
12/04/2023,99.166,6.959
11/04/2023,98.085,7.07
10/04/2023,98.16,7.062
07/04/2023,97.708,7.11
06/04/2023,98.121,7.066
05/04/2023,98.393,7.038
04/04/2023,98.832,6.993
03/04/2023,97.295,7.153
31/03/2023,97.013,7.182
30/03/2023,95.895,7.302
29/03/2023,95.499,7.344
28/03/2023,94.948,7.404
27/03/2023,95.157,7.381
24/03/2023,95.544,7.339
23/03/2023,95.321,7.363
22/03/2023,96.07,7.282
21/03/2023,94.325,7.472
20/03/2023,94.109,7.495
17/03/2023,93.382,7.576
16/03/2023,93.91,7.517
15/03/2023,93.45,7.568
14/03/2023,92.946,7.624
13/03/2023,92.044,7.726
10/03/2023,93.921,7.516
09/03/2023,93.447,7.568
08/03/2023,92.842,7.636
07/03/2023,92.875,7.632
06/03/2023,93.083,7.608
03/03/2023,92.592,7.663
02/03/2023,91.793,7.754
01/03/2023,92.606,7.662
28/02/2023,93.223,7.593
27/02/2023,93.37,7.576
24/02/2023,93.939,7.513
23/02/2023,94.783,7.421
22/02/2023,93.775,7.531
21/02/2023,93.624,7.548
17/02/2023,95.108,7.385
16/02/2023,94.604,7.44
15/02/2023,95.291,7.365
14/02/2023,96.275,7.26
13/02/2023,96.211,7.267
10/02/2023,95.166,7.379
09/02/2023,96.354,7.252
08/02/2023,97.148,7.168
07/02/2023,95.344,7.36
06/02/2023,96.946,7.189
03/02/2023,98.951,6.981
02/02/2023,98.919,6.984
01/02/2023,98.267,7.051
31/01/2023,96.9,7.194
30/01/2023,96.968,7.187
27/01/2023,97.09,7.174
26/01/2023,96.687,7.216
25/01/2023,97.053,7.178
24/01/2023,96.683,7.217
23/01/2023,96.484,7.238
20/01/2023,96.116,7.277
19/01/2023,96.482,7.238
18/01/2023,95.949,7.295
17/01/2023,94.865,7.411
13/01/2023,95.379,7.355
12/01/2023,95.237,7.371
11/01/2023,95.696,7.321
10/01/2023,96.027,7.286
09/01/2023,95.74,7.316
06/01/2023,96.463,7.239
05/01/2023,95.475,7.344
04/01/2023,95.687,7.322
03/01/2023,96.064,7.281
30/12/2022,95.588,7.332
29/12/2022,95.553,7.336
28/12/2022,95.61,7.329
27/12/2022,95.144,7.379
23/12/2022,94.779,7.419
22/12/2022,95.437,7.348
21/12/2022,95.9,7.298
20/12/2022,95.249,7.368
19/12/2022,96.121,7.274
16/12/2022,97.018,7.18
15/12/2022,96.618,7.222
14/12/2022,97.578,7.121
13/12/2022,97.71,7.107
12/12/2022,96.005,7.286
09/12/2022,96.179,7.268
08/12/2022,96.875,7.194
07/12/2022,96.469,7.237
06/12/2022,95.507,7.339
05/12/2022,96.051,7.281
02/12/2022,95.177,7.374
01/12/2022,95.397,7.351
30/11/2022,94.145,7.486
29/11/2022,92.237,7.697
28/11/2022,91.464,7.784
25/11/2022,92.654,7.65
23/11/2022,92.53,7.664
22/11/2022,92.147,7.706
21/11/2022,92.317,7.687
18/11/2022,91.782,7.747
17/11/2022,91.565,7.772
16/11/2022,92.665,7.648
15/11/2022,92.486,7.668
14/11/2022,90.437,7.9
10/11/2022,90.282,7.918
09/11/2022,89.351,8.026
08/11/2022,90.118,7.936
07/11/2022,88.996,8.067
04/11/2022,89.048,8.061
03/11/2022,89.746,7.979
02/11/2022,89.401,8.019
01/11/2022,89.195,8.043
31/10/2022,88.944,8.073
28/10/2022,89.216,8.041
27/10/2022,89.298,8.031
26/10/2022,89.739,7.979
25/10/2022,88.77,8.093
24/10/2022,88.546,8.119
21/10/2022,88.281,8.151
20/10/2022,88.312,8.147
19/10/2022,89.464,8.011
18/10/2022,90.367,7.906
17/10/2022,89.381,8.02
14/10/2022,90.635,7.875
13/10/2022,90.751,7.862
12/10/2022,90.576,7.881
11/10/2022,91.064,7.825
07/10/2022,91.942,7.726
06/10/2022,92.252,7.691
05/10/2022,91.941,7.726
04/10/2022,92.913,7.618
03/10/2022,92.651,7.647
30/09/2022,88.729,8.095
29/09/2022,90.161,7.928
28/09/2022,90.194,7.924
27/09/2022,90.954,7.837
26/09/2022,91.408,7.785
23/09/2022,93.146,7.591
22/09/2022,93.981,7.5
21/09/2022,94.855,7.405
20/09/2022,94.175,7.479
19/09/2022,93.798,7.52
16/09/2022,94.164,7.48
15/09/2022,95.406,7.347
14/09/2022,96.12,7.271
13/09/2022,96.936,7.186
12/09/2022,96.55,7.226
09/09/2022,97.347,7.143
08/09/2022,97.182,7.16
07/09/2022,97.175,7.161
06/09/2022,97.321,7.146
02/09/2022,97.487,7.128
01/09/2022,97.553,7.122
31/08/2022,97.946,7.081
30/08/2022,99.181,6.956
29/08/2022,99.448,6.929
26/08/2022,100.423,6.832
25/08/2022,100.68,6.807
24/08/2022,100.903,6.785
23/08/2022,100.678,6.807
22/08/2022,100.705,6.804
19/08/2022,101.988,6.679
18/08/2022,102.551,6.625
17/08/2022,103.126,6.57
16/08/2022,103.819,6.505
15/08/2022,102.868,6.595
12/08/2022,103.895,6.498
11/08/2022,103.133,6.57
10/08/2022,102.629,6.618
09/08/2022,102.617,6.619
08/08/2022,103.243,6.56
05/08/2022,101.724,6.705
04/08/2022,100.857,6.79
03/08/2022,101.912,6.687
02/08/2022,100.646,6.811
01/08/2022,100.813,6.794
29/07/2022,100.05,6.87
28/07/2022,99.576,6.917
27/07/2022,98.637,7.011
26/07/2022,97.767,7.1
25/07/2022,99.815,6.893
22/07/2022,97.853,7.091
21/07/2022,97.358,7.142
20/07/2022,96.725,7.207
19/07/2022,96.229,7.259
18/07/2022,95.464,7.339
15/07/2022,95.265,7.361
14/07/2022,94.847,7.405
13/07/2022,94.836,7.406
12/07/2022,94.334,7.46
11/07/2022,95.899,7.293
08/07/2022,95.731,7.311
07/07/2022,95.793,7.304
06/07/2022,95.816,7.301
05/07/2022,94.869,7.402
01/07/2022,93.953,7.5
30/06/2022,93.706,7.527
29/06/2022,94.532,7.437
28/06/2022,95.074,7.379
27/06/2022,95.63,7.321
24/06/2022,95.479,7.336
23/06/2022,95.929,7.289
22/06/2022,94.748,7.414
21/06/2022,96.118,7.269
17/06/2022,96.242,7.256
16/06/2022,96.753,7.203
15/06/2022,97.735,7.102
14/06/2022,96.73,7.205
13/06/2022,97.063,7.17
10/06/2022,98.571,7.017
09/06/2022,99.47,6.927
08/06/2022,99.526,6.921
07/06/2022,99.63,6.911
06/06/2022,99.879,6.886
03/06/2022,99.552,6.918
02/06/2022,99.009,6.972
01/06/2022,100.015,6.872
31/05/2022,98.856,6.988
27/05/2022,98.899,6.983
26/05/2022,98.167,7.057
25/05/2022,97.122,7.164
24/05/2022,96.769,7.2
23/05/2022,97.42,7.133
20/05/2022,97.525,7.122
19/05/2022,97.28,7.147
18/05/2022,96.982,7.178
17/05/2022,96.644,7.213
16/05/2022,96.425,7.235
13/05/2022,96.777,7.199
12/05/2022,96.988,7.177
11/05/2022,96.786,7.198
10/05/2022,96.561,7.221
09/05/2022,96.449,7.232
06/05/2022,97.28,7.147
05/05/2022,98.539,7.019
04/05/2022,98.408,7.032
03/05/2022,98.578,7.015
02/05/2022,98.736,6.999
29/04/2022,99.837,6.89
28/04/2022,100.079,6.866
27/04/2022,100.651,6.81
26/04/2022,101.793,6.699
25/04/2022,101.003,6.776
22/04/2022,101.414,6.736
21/04/2022,102.065,6.673
20/04/2022,102.517,6.63
19/04/2022,101.698,6.709
18/04/2022,102.018,6.678
14/04/2022,102.285,6.652
13/04/2022,102.392,6.642
12/04/2022,102.875,6.597
11/04/2022,102.158,6.665
08/04/2022,102.628,6.62
07/04/2022,103.749,6.515
06/04/2022,103.252,6.561
05/04/2022,104.01,6.49
04/04/2022,103.75,6.515
01/04/2022,103.699,6.519
31/03/2022,103.497,6.538
30/03/2022,103.588,6.53
29/03/2022,103.522,6.536
28/03/2022,102.549,6.628
25/03/2022,102.679,6.615
24/03/2022,102.572,6.626
23/03/2022,103.019,6.584
22/03/2022,102.085,6.672
21/03/2022,102.599,6.623
18/03/2022,102.156,6.665
17/03/2022,102.743,6.61
16/03/2022,102.916,6.593
15/03/2022,101.646,6.714
14/03/2022,102.047,6.676
11/03/2022,102.91,6.594
10/03/2022,103.59,6.53
09/03/2022,102.769,6.608
08/03/2022,102.427,6.64
07/03/2022,102.032,6.677
04/03/2022,101.377,6.74
03/03/2022,103.49,6.54
02/03/2022,103.192,6.568
01/03/2022,103.683,6.522
28/02/2022,104.561,6.441
25/02/2022,104.492,6.447
24/02/2022,103.394,6.549
23/02/2022,103.613,6.529
22/02/2022,104.408,6.455
18/02/2022,105.001,6.401
17/02/2022,104.879,6.412
16/02/2022,104.114,6.483
15/02/2022,104.549,6.443
14/02/2022,104.574,6.441
11/02/2022,105.755,6.333
10/02/2022,105.38,6.367
09/02/2022,106.306,6.284
08/02/2022,105.794,6.33
07/02/2022,105.404,6.365
04/02/2022,105.51,6.356
03/02/2022,106.455,6.27
02/02/2022,106.836,6.237
01/02/2022,106.399,6.276
31/01/2022,106.573,6.26
28/01/2022,106.194,6.294
27/01/2022,106.947,6.227
26/01/2022,106.325,6.283
25/01/2022,106.568,6.261
24/01/2022,106.195,6.295
21/01/2022,106.731,6.247
20/01/2022,106.971,6.225
19/01/2022,106.118,6.302
18/01/2022,104.573,6.442
14/01/2022,105.374,6.369
13/01/2022,106.904,6.232
12/01/2022,106.773,6.243
11/01/2022,107.35,6.192
10/01/2022,106.828,6.239
07/01/2022,107.211,6.205
06/01/2022,107.795,6.153
05/01/2022,107.46,6.183
04/01/2022,109.086,6.041
03/01/2022,109.591,5.997
31/12/2021,109.788,5.981
30/12/2021,110.207,5.945
29/12/2021,109.815,5.978
28/12/2021,109.677,5.99
27/12/2021,109.86,5.975
23/12/2021,110.075,5.956
22/12/2021,109.14,6.037
21/12/2021,109.046,6.045
20/12/2021,107.943,6.141
17/12/2021,109.534,6.003
16/12/2021,110.508,5.92
15/12/2021,110.202,5.946
14/12/2021,110.568,5.915
13/12/2021,110.777,5.898
10/12/2021,110.65,5.908
09/12/2021,110.574,5.915
08/12/2021,110.919,5.886
07/12/2021,110.727,5.902
06/12/2021,109.832,5.978
03/12/2021,109.625,5.996
02/12/2021,109.134,6.038
01/12/2021,108.594,6.085
30/11/2021,107.634,6.169
29/11/2021,107.442,6.186
26/11/2021,107.022,6.223
24/11/2021,107.901,6.145
23/11/2021,108.428,6.1
22/11/2021,109.441,6.013
19/11/2021,109.545,6.004
18/11/2021,110.155,5.952
17/11/2021,109.805,5.982
16/11/2021,109.641,5.996
15/11/2021,109.639,5.996
12/11/2021,109.726,5.989
10/11/2021,109.743,5.987
09/11/2021,110.175,5.951
08/11/2021,109.994,5.966
05/11/2021,109.761,5.986
04/11/2021,109.411,6.016
03/11/2021,107.596,6.173
02/11/2021,107.585,6.174
01/11/2021,107.995,6.139
29/10/2021,109.096,6.043
28/10/2021,110.553,5.919
27/10/2021,110.953,5.886
26/10/2021,110.686,5.908
25/10/2021,110.613,5.915
22/10/2021,109.258,6.03
21/10/2021,110.878,5.893
20/10/2021,112.22,5.781
19/10/2021,112.949,5.721
18/10/2021,114.113,5.627
15/10/2021,114.256,5.615
14/10/2021,114.546,5.592
13/10/2021,113.73,5.658
12/10/2021,113.941,5.641
08/10/2021,113.659,5.664
07/10/2021,113.821,5.651
06/10/2021,113.099,5.71
05/10/2021,113.535,5.675
04/10/2021,113.739,5.658
01/10/2021,114.644,5.586
30/09/2021,114.361,5.608
29/09/2021,114.682,5.583
28/09/2021,113.769,5.657
27/09/2021,114.982,5.559
24/09/2021,116.218,5.462
23/09/2021,115.947,5.483
22/09/2021,118.122,5.314
21/09/2021,117.719,5.346
20/09/2021,117.403,5.37
17/09/2021,117.842,5.336
16/09/2021,118.41,5.293
15/09/2021,119.119,5.239
14/09/2021,119.816,5.187
13/09/2021,118.901,5.256
10/09/2021,119.104,5.241
09/09/2021,119.151,5.237
08/09/2021,119.345,5.223
07/09/2021,119.556,5.207
03/09/2021,119.648,5.201
02/09/2021,120.091,5.168
01/09/2021,120.295,5.153
31/08/2021,120.246,5.157
30/08/2021,120.084,5.169
27/08/2021,119.6,5.205
26/08/2021,118.692,5.274
25/08/2021,118.598,5.282
24/08/2021,119.224,5.234
23/08/2021,119.35,5.225
20/08/2021,119.436,5.219
19/08/2021,119.315,5.228
18/08/2021,120.509,5.139
17/08/2021,119.583,5.208
16/08/2021,119.825,5.19
13/08/2021,120.734,5.123
12/08/2021,119.404,5.222
11/08/2021,118.924,5.259
10/08/2021,118.126,5.32
09/08/2021,117.801,5.345
06/08/2021,118.764,5.271
05/08/2021,118.954,5.257
04/08/2021,118.972,5.256
03/08/2021,118.873,5.264
02/08/2021,118.751,5.273
30/07/2021,118.755,5.273
29/07/2021,118.838,5.267
28/07/2021,118.697,5.278
27/07/2021,118.526,5.291
26/07/2021,118.916,5.262
23/07/2021,119.731,5.2
22/07/2021,118.858,5.266
21/07/2021,118.519,5.293
20/07/2021,118.795,5.272
19/07/2021,118.763,5.274
16/07/2021,119.014,5.255
15/07/2021,119.295,5.234
14/07/2021,118.328,5.308
13/07/2021,118.419,5.301
12/07/2021,118.671,5.282
09/07/2021,118.723,5.278
08/07/2021,119.318,5.233
07/07/2021,119.995,5.183
06/07/2021,119.791,5.198
02/07/2021,119.608,5.212
01/07/2021,119.608,5.212
30/06/2021,119.793,5.199
29/06/2021,120.519,5.145
28/06/2021,120.902,5.117
25/06/2021,120.363,5.157
24/06/2021,120.556,5.143
23/06/2021,120.349,5.158
22/06/2021,120.461,5.15
21/06/2021,120.358,5.158
18/06/2021,121.444,5.078
17/06/2021,121.085,5.104
16/06/2021,120.273,5.165
15/06/2021,120.242,5.167
14/06/2021,120.729,5.131
11/06/2021,120.515,5.147
10/06/2021,121.006,5.111
09/06/2021,120.317,5.162
08/06/2021,120.068,5.181
07/06/2021,119.661,5.211
04/06/2021,119.601,5.216
03/06/2021,118.942,5.266
02/06/2021,118.946,5.266
01/06/2021,118.289,5.316
28/05/2021,118.552,5.296
27/05/2021,117.893,5.346
26/05/2021,118.483,5.301
25/05/2021,117.948,5.342
24/05/2021,117.435,5.382
21/05/2021,117.35,5.388
20/05/2021,117.23,5.397
19/05/2021,116.623,5.444
18/05/2021,116.73,5.436
17/05/2021,116.59,5.447
14/05/2021,117.177,5.402
13/05/2021,116.42,5.461
12/05/2021,116.367,5.465
11/05/2021,117.063,5.411
10/05/2021,117.363,5.389
07/05/2021,116.346,5.467
06/05/2021,116.114,5.485
05/05/2021,116.228,5.477
04/05/2021,115.134,5.562
03/05/2021,115.362,5.544
30/04/2021,114.644,5.601
29/04/2021,115.766,5.513
28/04/2021,115.79,5.511
27/04/2021,115.51,5.533
26/04/2021,116.076,5.489
23/04/2021,116.29,5.473
22/04/2021,116.27,5.474
21/04/2021,115.553,5.531
20/04/2021,115.021,5.572
19/04/2021,115.276,5.552
16/04/2021,114.64,5.603
15/04/2021,114.039,5.65
14/04/2021,113.279,5.711
13/04/2021,112.818,5.748
12/04/2021,113.212,5.717
09/04/2021,113.59,5.687
08/04/2021,114.114,5.645
07/04/2021,112.765,5.753
06/04/2021,113.319,5.709
05/04/2021,113.034,5.732
02/04/2021,112.861,5.746
01/04/2021,113.333,5.708
31/03/2021,113.194,5.719
30/03/2021,110.922,5.904
29/03/2021,111.793,5.833
26/03/2021,111.635,5.846
25/03/2021,112.106,5.808
24/03/2021,112.681,5.761
23/03/2021,113.7,5.68
22/03/2021,113.169,5.722
19/03/2021,113.261,5.715
18/03/2021,112.428,5.782
17/03/2021,112.021,5.815
16/03/2021,112.665,5.763
15/03/2021,112.386,5.786
12/03/2021,111.885,5.827
11/03/2021,112.58,5.77
10/03/2021,111.543,5.855
09/03/2021,111.751,5.838
08/03/2021,110.354,5.953
05/03/2021,112.618,5.768
04/03/2021,113.225,5.719
03/03/2021,113.63,5.687
02/03/2021,115.015,5.578
01/03/2021,114.929,5.585
26/02/2021,115.734,5.522
25/02/2021,114.583,5.612
24/02/2021,118.297,5.327
23/02/2021,116.42,5.47
22/02/2021,114.403,5.627
19/02/2021,118.76,5.292
18/02/2021,120.296,5.178
17/02/2021,120.665,5.152
16/02/2021,121.299,5.106
12/02/2021,122.641,5.009
11/02/2021,123.062,4.979
10/02/2021,123.253,4.966
09/02/2021,123.041,4.981
08/02/2021,123.682,4.936
05/02/2021,123.637,4.939
04/02/2021,123.574,4.944
03/02/2021,122.473,5.023
02/02/2021,122.171,5.045
01/02/2021,121.184,5.116
29/01/2021,120.796,5.145
28/01/2021,121.117,5.121
27/01/2021,120.582,5.161
26/01/2021,121.247,5.112
25/01/2021,120.649,5.156
22/01/2021,120.523,5.166
21/01/2021,120.513,5.167
20/01/2021,121.15,5.12
19/01/2021,120.461,5.171
15/01/2021,121.575,5.09
14/01/2021,121.988,5.06
13/01/2021,123.41,4.959
12/01/2021,122.78,5.004
11/01/2021,122.893,4.996
08/01/2021,123.969,4.92
07/01/2021,124.229,4.902
06/01/2021,124.665,4.872
05/01/2021,126.079,4.774
04/01/2021,126.169,4.768
31/12/2020,126.229,4.764
30/12/2020,126.549,4.742
29/12/2020,125.913,4.787
28/12/2020,125.72,4.8
24/12/2020,124.905,4.856
23/12/2020,124.333,4.897
22/12/2020,124.749,4.868
21/12/2020,123.191,4.978
18/12/2020,124.698,4.872
17/12/2020,124.958,4.854
16/12/2020,124.733,4.87
15/12/2020,125.078,4.846
14/12/2020,124.649,4.876
11/12/2020,123.204,4.978
10/12/2020,123.735,4.94
09/12/2020,123.075,4.987
08/12/2020,123.833,4.934
07/12/2020,123.718,4.942
04/12/2020,123.593,4.951
03/12/2020,123.472,4.96
02/12/2020,123.122,4.985
01/12/2020,122.583,5.023
30/11/2020,120.386,5.182
27/11/2020,121.136,5.128
25/11/2020,120.701,5.159
24/11/2020,120.307,5.188
23/11/2020,120.067,5.206
20/11/2020,120.349,5.186
19/11/2020,120.033,5.209
18/11/2020,119.833,5.224
17/11/2020,119.29,5.264
16/11/2020,118.975,5.287
13/11/2020,117.78,5.377
12/11/2020,118.697,5.308
10/11/2020,118.31,5.337
09/11/2020,119.238,5.269
06/11/2020,117.435,5.404
05/11/2020,118.644,5.313
04/11/2020,116.603,5.467
03/11/2020,113.481,5.709
02/11/2020,113.142,5.736
30/10/2020,112.612,5.779
29/10/2020,114.21,5.652
28/10/2020,114.102,5.661
27/10/2020,115.258,5.571
26/10/2020,114.307,5.645
23/10/2020,115.087,5.584
22/10/2020,114.536,5.627
21/10/2020,114.62,5.621
20/10/2020,114.608,5.622
19/10/2020,114.771,5.609
16/10/2020,115.015,5.591
15/10/2020,115.315,5.567
14/10/2020,114.786,5.609
13/10/2020,114.768,5.61
09/10/2020,114.708,5.615
08/10/2020,113.276,5.727
07/10/2020,113.161,5.737
06/10/2020,113.252,5.73
05/10/2020,113.017,5.748
02/10/2020,112.193,5.814
01/10/2020,111.186,5.895
30/09/2020,111.199,5.895
29/09/2020,110.58,5.945
28/09/2020,112.613,5.781
25/09/2020,111.229,5.892
24/09/2020,111.331,5.884
23/09/2020,109.86,6.005
22/09/2020,111.952,5.835
21/09/2020,111.721,5.853
18/09/2020,115.214,5.578
17/09/2020,115.758,5.536
16/09/2020,115.541,5.553
15/09/2020,115.116,5.586
14/09/2020,115.641,5.546
11/09/2020,115.51,5.556
10/09/2020,115.233,5.577
09/09/2020,114.995,5.596
08/09/2020,113.495,5.713
04/09/2020,114.085,5.667
03/09/2020,115.053,5.592
02/09/2020,115.227,5.579
01/09/2020,115.34,5.57
31/08/2020,113.395,5.722
28/08/2020,113.217,5.736
27/08/2020,112.355,5.804
26/08/2020,112.998,5.753
25/08/2020,113.177,5.739
24/08/2020,114.022,5.673
21/08/2020,113.831,5.688
20/08/2020,113.822,5.689
19/08/2020,113.908,5.682
18/08/2020,114.163,5.663
17/08/2020,113.21,5.738
14/08/2020,113.797,5.691
13/08/2020,114.926,5.604
12/08/2020,114.323,5.651
11/08/2020,116.233,5.504
10/08/2020,115.421,5.566
07/08/2020,112.852,5.767
06/08/2020,113.683,5.701
05/08/2020,112.442,5.8
04/08/2020,111.839,5.848
03/08/2020,111.476,5.877
31/07/2020,110.873,5.926
30/07/2020,110.412,5.963
29/07/2020,111.194,5.9
28/07/2020,110.761,5.935
27/07/2020,110.674,5.942
24/07/2020,110.571,5.951
23/07/2020,109.976,6
22/07/2020,110.789,5.934
21/07/2020,110.608,5.948
20/07/2020,108.708,6.105
17/07/2020,107.324,6.221
16/07/2020,106.475,6.294
15/07/2020,106.324,6.307
14/07/2020,105.609,6.369
13/07/2020,106.939,6.254
10/07/2020,106.091,6.327
09/07/2020,106.678,6.277
08/07/2020,106.281,6.311
07/07/2020,106.603,6.283
06/07/2020,107.96,6.168
02/07/2020,108.737,6.103
01/07/2020,106.985,6.251
30/06/2020,105.1,6.413
29/06/2020,105.824,6.35
26/06/2020,106.784,6.268
25/06/2020,106.748,6.271
24/06/2020,105.906,6.343
23/06/2020,107.501,6.207
22/06/2020,105.577,6.372
19/06/2020,107.103,6.241
18/06/2020,106.077,6.329
17/06/2020,106.516,6.291
16/06/2020,107.004,6.249
15/06/2020,106.318,6.308
12/06/2020,107.227,6.23
11/06/2020,105.025,6.42
10/06/2020,108.676,6.109
09/06/2020,108.689,6.108
08/06/2020,110.626,5.949
05/06/2020,108.49,6.125
04/06/2020,106.367,6.304
03/06/2020,107.668,6.194
02/06/2020,104.02,6.508
01/06/2020,102.118,6.679
29/05/2020,101.631,6.723
28/05/2020,102.032,6.687
27/05/2020,102.636,6.632
26/05/2020,103.029,6.597
22/05/2020,100.924,6.788
21/05/2020,101.677,6.719
20/05/2020,100.227,6.853
19/05/2020,97.107,7.15
18/05/2020,98.895,6.978
15/05/2020,95.648,7.294
14/05/2020,95.334,7.325
13/05/2020,95.008,7.358
12/05/2020,96.927,7.167
11/05/2020,97.169,7.144
08/05/2020,96.326,7.226
07/05/2020,95.72,7.286
06/05/2020,93.802,7.48
05/05/2020,97.408,7.12
04/05/2020,96.26,7.233
01/05/2020,98.021,7.061
30/04/2020,99.328,6.937
29/04/2020,95.954,7.263
28/04/2020,92.638,7.6
27/04/2020,90.415,7.836
24/04/2020,91.13,7.759
23/04/2020,95.32,7.326
22/04/2020,95.393,7.318
21/04/2020,95.66,7.292
20/04/2020,98.912,6.976
17/04/2020,104.055,6.506
16/04/2020,101.246,6.758
15/04/2020,100.793,6.8
14/04/2020,104.499,6.467
13/04/2020,101.852,6.703
09/04/2020,101.46,6.739
08/04/2020,95.917,7.266
07/04/2020,97.909,7.072
06/04/2020,95.074,7.35
03/04/2020,95.632,7.294
02/04/2020,96.798,7.179
01/04/2020,93.038,7.557
31/03/2020,97.737,7.088
30/03/2020,95.674,7.29
27/03/2020,98.386,7.026
26/03/2020,98.572,7.008
25/03/2020,92.573,7.605
24/03/2020,86.379,8.284
23/03/2020,79.723,9.1
20/03/2020,82.937,8.694
19/03/2020,79.046,9.188
18/03/2020,76.955,9.47
17/03/2020,90.788,7.793
16/03/2020,93.542,7.505
13/03/2020,102.239,6.669
12/03/2020,96.367,7.221
11/03/2020,108.056,6.165
10/03/2020,113.912,5.695
09/03/2020,114.018,5.687
06/03/2020,124.353,4.936
05/03/2020,126.023,4.823
04/03/2020,127.532,4.723
03/03/2020,127.067,4.754
02/03/2020,122.37,5.074
28/02/2020,120.696,5.193
27/02/2020,122.406,5.072
26/02/2020,125.919,4.832
25/02/2020,127.732,4.712
24/02/2020,128.58,4.656
21/02/2020,129.029,4.627
20/02/2020,129.218,4.615
19/02/2020,127.826,4.706
18/02/2020,126.74,4.778
14/02/2020,126.806,4.774
13/02/2020,126.225,4.813
12/02/2020,125.572,4.858
11/02/2020,124.764,4.912
10/02/2020,124.655,4.92
07/02/2020,124.767,4.913
06/02/2020,124.492,4.931
05/02/2020,123.459,5.003
04/02/2020,123.432,5.005
03/02/2020,123.88,4.974
31/01/2020,124.298,4.946
30/01/2020,123.022,5.033
29/01/2020,123.419,5.006
28/01/2020,122.503,5.07
27/01/2020,122.607,5.063
24/01/2020,123.077,5.03
23/01/2020,122.527,5.069
22/01/2020,122.656,5.06
21/01/2020,121.863,5.116
17/01/2020,121.666,5.13
16/01/2020,120.687,5.199
15/01/2020,120.905,5.184
14/01/2020,120.02,5.247
13/01/2020,120.472,5.215
10/01/2020,119.866,5.258
09/01/2020,118.877,5.33
08/01/2020,117.649,5.42
07/01/2020,117.812,5.408
06/01/2020,117.789,5.41
03/01/2020,117.992,5.395
02/01/2020,117.683,5.417
31/12/2019,117.124,5.459
30/12/2019,118.002,5.394
27/12/2019,117.618,5.423
26/12/2019,117.997,5.395
24/12/2019,117.738,5.414
23/12/2019,117.459,5.435
20/12/2019,117.608,5.424
19/12/2019,117.103,5.461
18/12/2019,117.378,5.441
17/12/2019,117.164,5.457
16/12/2019,117.198,5.455
13/12/2019,117.313,5.446
12/12/2019,115.83,5.557
11/12/2019,116.352,5.518
10/12/2019,115.67,5.569
09/12/2019,116.168,5.532
06/12/2019,114.709,5.642
05/12/2019,114.745,5.639
04/12/2019,114.633,5.648
03/12/2019,113.942,5.701
02/12/2019,114.306,5.673
29/11/2019,115.182,5.607
27/11/2019,115.054,5.616
26/11/2019,115.317,5.597
25/11/2019,115.401,5.591
22/11/2019,114.99,5.622
21/11/2019,114.636,5.649
20/11/2019,114.528,5.657
19/11/2019,113.979,5.699
18/11/2019,114.377,5.669
15/11/2019,114.917,5.628
14/11/2019,114.958,5.625
13/11/2019,115.02,5.62
12/11/2019,115.174,5.609
08/11/2019,115.25,5.603
07/11/2019,115.801,5.562
06/11/2019,116.376,5.519
05/11/2019,116.089,5.541
04/11/2019,116.778,5.489
01/11/2019,117.206,5.458
31/10/2019,116.835,5.485
30/10/2019,116.819,5.487
29/10/2019,116.563,5.506
28/10/2019,116.667,5.498
25/10/2019,116.678,5.498
24/10/2019,116.385,5.519
23/10/2019,116.264,5.529
22/10/2019,116.44,5.516
21/10/2019,115.155,5.612
18/10/2019,115.762,5.566
17/10/2019,115.896,5.556
16/10/2019,115.908,5.556
15/10/2019,115.635,5.576
11/10/2019,116.11,5.541
10/10/2019,115.396,5.594
09/10/2019,115.499,5.587
08/10/2019,115.14,5.614
07/10/2019,115.733,5.57
04/10/2019,115.691,5.573
03/10/2019,115.681,5.574
02/10/2019,115.073,5.62
01/10/2019,115.525,5.586
30/09/2019,116.05,5.547
27/09/2019,115.931,5.556
26/09/2019,115.859,5.561
25/09/2019,115.059,5.621
24/09/2019,116.468,5.516
23/09/2019,116.026,5.549
20/09/2019,116.984,5.478
19/09/2019,115.914,5.558
18/09/2019,115.398,5.596
17/09/2019,115.371,5.599
16/09/2019,114.615,5.656
13/09/2019,114.462,5.667
12/09/2019,115.743,5.571
11/09/2019,115.676,5.576
10/09/2019,115.481,5.591
09/09/2019,116.936,5.483
06/09/2019,115.658,5.578
05/09/2019,115.471,5.592
04/09/2019,115.121,5.619
03/09/2019,114.438,5.67
30/08/2019,114.702,5.65
29/08/2019,114.43,5.671
28/08/2019,113.736,5.724
27/08/2019,114.55,5.662
26/08/2019,113.67,5.729
23/08/2019,114.321,5.68
22/08/2019,113.661,5.73
21/08/2019,113.658,5.731
20/08/2019,113.531,5.741
19/08/2019,113.346,5.755
16/08/2019,113.29,5.759
15/08/2019,113.274,5.76
14/08/2019,113.682,5.729
13/08/2019,113.113,5.773
12/08/2019,113.725,5.726
09/08/2019,113.329,5.757
08/08/2019,114.702,5.652
07/08/2019,112.522,5.819
06/08/2019,113.717,5.728
05/08/2019,112.921,5.789
02/08/2019,113.646,5.733
01/08/2019,113.689,5.73
31/07/2019,113.412,5.751
30/07/2019,113.088,5.776
29/07/2019,113.187,5.769
26/07/2019,113.147,5.772
25/07/2019,112.726,5.804
24/07/2019,112.389,5.831
23/07/2019,111.505,5.9
22/07/2019,111.691,5.885
19/07/2019,111.522,5.899
18/07/2019,111.793,5.878
17/07/2019,111.964,5.864
16/07/2019,111.585,5.894
15/07/2019,111.532,5.898
12/07/2019,111.406,5.908
11/07/2019,110.547,5.976
10/07/2019,110.616,5.971
09/07/2019,110.365,5.991
08/07/2019,110.091,6.012
05/07/2019,109.997,6.02
03/07/2019,110.492,5.981
02/07/2019,110.228,6.002
01/07/2019,109.899,6.028
28/06/2019,108.586,6.134
27/06/2019,108.097,6.174
26/06/2019,107.991,6.183
25/06/2019,108.307,6.157
24/06/2019,108.443,6.146
21/06/2019,108.258,6.161
20/06/2019,108.276,6.159
19/06/2019,107.847,6.195
18/06/2019,107.494,6.224
17/06/2019,106.418,6.313
14/06/2019,106.9,6.273
13/06/2019,107.242,6.245
12/06/2019,106.703,6.289
11/06/2019,106.077,6.342
10/06/2019,105.228,6.413
07/06/2019,104.976,6.435
06/06/2019,104.132,6.507
05/06/2019,103.992,6.519
04/06/2019,103.693,6.545
03/06/2019,103.878,6.529
31/05/2019,103.455,6.566
30/05/2019,103.673,6.547
29/05/2019,102.82,6.621
28/05/2019,103.442,6.567
24/05/2019,103.319,6.578
23/05/2019,102.691,6.633
22/05/2019,103.682,6.546
21/05/2019,103.206,6.588
20/05/2019,102.172,6.679
17/05/2019,102.768,6.626
16/05/2019,103.063,6.6
15/05/2019,103.251,6.584
14/05/2019,103.219,6.587
13/05/2019,103.074,6.599
10/05/2019,103.474,6.564
09/05/2019,103.56,6.557
08/05/2019,103.625,6.551
07/05/2019,103.777,6.538
06/05/2019,103.365,6.574
03/05/2019,103.411,6.57
02/05/2019,103.027,6.604
01/05/2019,103.106,6.597
30/04/2019,103.261,6.583
29/04/2019,102.924,6.613
26/04/2019,102.989,6.607
25/04/2019,102.341,6.664
24/04/2019,103.104,6.597
23/04/2019,102.848,6.619
22/04/2019,102.06,6.689
18/04/2019,102.314,6.666
17/04/2019,102.334,6.664
16/04/2019,101.893,6.704
15/04/2019,101.731,6.718
12/04/2019,101.921,6.701
11/04/2019,102.712,6.631
10/04/2019,103.012,6.605
09/04/2019,102.345,6.664
08/04/2019,102.073,6.688
05/04/2019,102.368,6.662
04/04/2019,101.912,6.702
03/04/2019,101.798,6.712
02/04/2019,101.792,6.713
01/04/2019,101.83,6.709
29/03/2019,102.315,6.666
28/03/2019,101.673,6.723
27/03/2019,101.291,6.757
26/03/2019,102.374,6.661
25/03/2019,102.539,6.647
22/03/2019,102.615,6.64
21/03/2019,103.32,6.579
20/03/2019,103.78,6.539
19/03/2019,103.609,6.554
18/03/2019,103.126,6.596
15/03/2019,103.498,6.563
14/03/2019,102.88,6.617
13/03/2019,103.062,6.601
12/03/2019,103.814,6.536
11/03/2019,103.562,6.558
08/03/2019,102.092,6.687
07/03/2019,102.213,6.676
06/03/2019,102.636,6.639
05/03/2019,103.067,6.601
04/03/2019,103.603,6.555
01/03/2019,103.234,6.587
28/02/2019,103.218,6.588
27/02/2019,103.335,6.578
26/02/2019,103.385,6.574
25/02/2019,102.869,6.619
22/02/2019,102.53,6.648
21/02/2019,102.236,6.674
20/02/2019,102.569,6.645
19/02/2019,102.551,6.647
15/02/2019,102.494,6.652
14/02/2019,101.542,6.736
13/02/2019,101.829,6.711
12/02/2019,100.953,6.789
11/02/2019,100.816,6.801
08/02/2019,101.66,6.726
07/02/2019,101.859,6.708
06/02/2019,101.939,6.701
05/02/2019,102.234,6.675
04/02/2019,101.769,6.716
01/02/2019,101.517,6.738
31/01/2019,101.49,6.741
30/01/2019,100.492,6.83
29/01/2019,100.112,6.865
28/01/2019,99.896,6.884
25/01/2019,100.129,6.863
24/01/2019,100.439,6.835
23/01/2019,100.28,6.85
22/01/2019,100.171,6.859
18/01/2019,100.178,6.859
17/01/2019,99.551,6.916
16/01/2019,99.895,6.884
15/01/2019,99.939,6.88
14/01/2019,99.619,6.91
11/01/2019,99.769,6.896
10/01/2019,99.503,6.92
09/01/2019,99.989,6.876
08/01/2019,98.672,6.996
07/01/2019,97.876,7.07
04/01/2019,96.993,7.153
03/01/2019,96.658,7.185
02/01/2019,95.995,7.248
31/12/2018,95.948,7.253
28/12/2018,95.817,7.265
27/12/2018,95.318,7.314
26/12/2018,94.865,7.358
24/12/2018,95.767,7.27
21/12/2018,95.636,7.283
20/12/2018,95.63,7.283
19/12/2018,96.65,7.185
18/12/2018,96.502,7.199
17/12/2018,96.247,7.223
14/12/2018,96.205,7.227
13/12/2018,96.276,7.221
12/12/2018,95.783,7.268
11/12/2018,95.786,7.268
10/12/2018,95.656,7.28
07/12/2018,96.225,7.225
06/12/2018,94.389,7.404
04/12/2018,95.633,7.282
03/12/2018,95.879,7.258
30/11/2018,94.289,7.413
29/11/2018,93.938,7.448
28/11/2018,93.817,7.46
27/11/2018,92.971,7.544
26/11/2018,94.318,7.41
23/11/2018,94.756,7.367
21/11/2018,94.64,7.378
20/11/2018,94.778,7.365
19/11/2018,95.298,7.314
16/11/2018,95.805,7.265
15/11/2018,95.416,7.302
14/11/2018,96.285,7.219
13/11/2018,96.73,7.176
09/11/2018,97.078,7.143
08/11/2018,96.744,7.175
07/11/2018,97.113,7.14
06/11/2018,96.931,7.157
05/11/2018,97.469,7.107
02/11/2018,96.226,7.224
01/11/2018,95.837,7.261
31/10/2018,95.827,7.262
30/10/2018,95.236,7.319
29/10/2018,95.059,7.336
26/10/2018,94.842,7.357
25/10/2018,94.613,7.38
24/10/2018,95.109,7.331
23/10/2018,94.771,7.364
22/10/2018,96.133,7.233
19/10/2018,96.241,7.222
18/10/2018,96.152,7.231
17/10/2018,96.551,7.193
16/10/2018,96.89,7.161
15/10/2018,96.103,7.235
12/10/2018,95.695,7.275
11/10/2018,95.099,7.332
10/10/2018,93.829,7.456
09/10/2018,95.912,7.254
05/10/2018,93.437,7.495
04/10/2018,93.571,7.482
03/10/2018,95.323,7.31
02/10/2018,93.733,7.466
01/10/2018,92.449,7.594
28/09/2018,93.045,7.534
27/09/2018,93.498,7.489
26/09/2018,92.944,7.544
25/09/2018,91.247,7.717
24/09/2018,92.531,7.586
21/09/2018,92.678,7.571
20/09/2018,91.146,7.727
19/09/2018,89.795,7.868
18/09/2018,89.366,7.914
17/09/2018,89.929,7.854
14/09/2018,89.76,7.872
13/09/2018,89.739,7.874
12/09/2018,90.529,7.791
11/09/2018,89.612,7.887
10/09/2018,90.486,7.795
07/09/2018,90.914,7.751
06/09/2018,91.048,7.737
05/09/2018,89.392,7.91
04/09/2018,89.134,7.938
31/08/2018,90.011,7.845
30/08/2018,90.254,7.819
29/08/2018,90.183,7.827
28/08/2018,90.152,7.83
27/08/2018,90.317,7.813
24/08/2018,90.24,7.821
23/08/2018,90.771,7.765
22/08/2018,90.167,7.828
21/08/2018,92.221,7.616
20/08/2018,92.406,7.598
17/08/2018,92.055,7.633
16/08/2018,92.674,7.571
15/08/2018,90.941,7.747
14/08/2018,91.194,7.721
13/08/2018,90.224,7.822
10/08/2018,92.221,7.616
09/08/2018,93.448,7.493
08/08/2018,94.56,7.384
07/08/2018,95.481,7.294
06/08/2018,96.123,7.233
03/08/2018,96.643,7.184
02/08/2018,95.219,7.32
01/08/2018,95.152,7.326
31/07/2018,96.493,7.198
30/07/2018,96.604,7.187
27/07/2018,96.651,7.183
26/07/2018,96.151,7.23
25/07/2018,95.682,7.275
24/07/2018,95.302,7.312
23/07/2018,95.26,7.316
20/07/2018,95.458,7.297
19/07/2018,94.025,7.436
18/07/2018,94.092,7.429
17/07/2018,94.235,7.415
16/07/2018,94.143,7.424
13/07/2018,94.335,7.406
12/07/2018,93.729,7.465
11/07/2018,93.03,7.534
10/07/2018,93.721,7.465
09/07/2018,92.941,7.543
06/07/2018,93.581,7.479
05/07/2018,91.886,7.649
03/07/2018,91.596,7.679
02/07/2018,90.278,7.814
29/06/2018,90.279,7.814
28/06/2018,90.265,7.816
27/06/2018,90.602,7.78
26/06/2018,90.828,7.757
25/06/2018,90.864,7.753
22/06/2018,91.488,7.689
21/06/2018,90.254,7.816
20/06/2018,89.148,7.933
19/06/2018,88.328,8.02
18/06/2018,88.625,7.988
15/06/2018,88.967,7.952
14/06/2018,88.616,7.989
13/06/2018,88.774,7.972
12/06/2018,87.729,8.084
11/06/2018,88.344,8.018
08/06/2018,89.405,7.904
07/06/2018,88.024,8.052
06/06/2018,90.135,7.827
05/06/2018,91.313,7.705
04/06/2018,90.232,7.817
01/06/2018,89.768,7.866
31/05/2018,92.451,7.59
30/05/2018,93.005,7.534
29/05/2018,93.147,7.52
25/05/2018,94.968,7.342
24/05/2018,95.104,7.328
23/05/2018,97.077,7.141
22/05/2018,95.689,7.272
21/05/2018,95.269,7.312
18/05/2018,93.294,7.505
17/05/2018,94.905,7.347
16/05/2018,95.577,7.283
15/05/2018,95.234,7.315
14/05/2018,96.81,7.166
11/05/2018,96.893,7.158
10/05/2018,96.485,7.196
09/05/2018,94.195,7.416
08/05/2018,93.226,7.511
07/05/2018,94.801,7.357
04/05/2018,94.816,7.355
03/05/2018,93.999,7.435
02/05/2018,94.59,7.377
01/05/2018,95.57,7.283
30/04/2018,96.159,7.227
27/04/2018,96.468,7.198
26/04/2018,97.395,7.111
25/04/2018,96.836,7.163
24/04/2018,97.761,7.077
23/04/2018,97.977,7.057
20/04/2018,97.914,7.063
19/04/2018,98.54,7.005
18/04/2018,99.264,6.94
17/04/2018,99.18,6.947
16/04/2018,99.031,6.961
13/04/2018,99.373,6.93
12/04/2018,99.421,6.926
11/04/2018,99.365,6.931
10/04/2018,99.667,6.904
09/04/2018,99.387,6.929
06/04/2018,99.558,6.913
05/04/2018,99.365,6.931
04/04/2018,98.804,6.981
03/04/2018,98.72,6.989
02/04/2018,98.397,7.018
29/03/2018,98.436,7.015
28/03/2018,96.996,7.148
27/03/2018,97.401,7.11
26/03/2018,95.695,7.27
23/03/2018,95.571,7.282
22/03/2018,95.782,7.262
21/03/2018,96.118,7.23
20/03/2018,95.197,7.318
19/03/2018,95.621,7.277
16/03/2018,97.256,7.123
15/03/2018,96.737,7.172
14/03/2018,97.089,7.139
13/03/2018,97.403,7.11
12/03/2018,97.774,7.076
09/03/2018,97.187,7.13
08/03/2018,96.883,7.158
07/03/2018,97.007,7.147
06/03/2018,97.319,7.118
05/03/2018,97.128,7.135
02/03/2018,96.512,7.193
01/03/2018,96.866,7.16
28/02/2018,98.157,7.04
27/02/2018,98.613,6.999
26/02/2018,98.536,7.006
23/02/2018,97.924,7.062
22/02/2018,97.757,7.077
21/02/2018,97.71,7.081
20/02/2018,98.664,6.994
16/02/2018,99.692,6.902
15/02/2018,97.939,7.06
14/02/2018,95.994,7.242
13/02/2018,97.05,7.143
12/02/2018,97.477,7.103
09/02/2018,95.005,7.336
08/02/2018,98.286,7.029
07/02/2018,100.626,6.819
06/02/2018,99.819,6.891
05/02/2018,101.259,6.764
02/02/2018,101.298,6.76
01/02/2018,101.995,6.7
31/01/2018,103.107,6.605
30/01/2018,102.6,6.648
29/01/2018,103.305,6.588
26/01/2018,103.96,6.533
25/01/2018,103.654,6.559
24/01/2018,101.592,6.735
23/01/2018,100.992,6.787
22/01/2018,100.046,6.871
19/01/2018,99.834,6.89
18/01/2018,101.27,6.763
17/01/2018,101.789,6.718
16/01/2018,102.691,6.641
12/01/2018,102.695,6.64
11/01/2018,102.565,6.651
10/01/2018,102.608,6.648
09/01/2018,102.052,6.695
08/01/2018,102.837,6.628
05/01/2018,104.02,6.528
04/01/2018,104.209,6.512
03/01/2018,103.86,6.542
02/01/2018,101.791,6.718
29/12/2017,101.892,6.709
28/12/2017,101.529,6.74
27/12/2017,101.364,6.755
26/12/2017,102.062,6.694
22/12/2017,101.413,6.75
21/12/2017,101.811,6.716
20/12/2017,101.194,6.769
19/12/2017,101.09,6.778
18/12/2017,101.758,6.72
15/12/2017,101.588,6.735
14/12/2017,101.948,6.704
13/12/2017,100.989,6.787
12/12/2017,100.488,6.831
11/12/2017,101.146,6.773
08/12/2017,101.299,6.76
07/12/2017,100.799,6.804
06/12/2017,102.219,6.681
05/12/2017,102.703,6.639
04/12/2017,101.845,6.713
01/12/2017,101.466,6.746
30/11/2017,101.853,6.712
29/11/2017,102.892,6.623
28/11/2017,103.693,6.556
27/11/2017,103.878,6.54
24/11/2017,102.763,6.634
22/11/2017,102.619,6.646
21/11/2017,102.163,6.685
20/11/2017,101.555,6.738
17/11/2017,101.635,6.731
16/11/2017,101.129,6.775
15/11/2017,100.102,6.865
14/11/2017,100.593,6.822
13/11/2017,99.54,6.915
10/11/2017,99.566,6.912
09/11/2017,100.521,6.828
08/11/2017,100.497,6.83
07/11/2017,101.778,6.719
06/11/2017,102.137,6.688
03/11/2017,101.938,6.705
02/11/2017,102.031,6.697
01/11/2017,101.65,6.73
31/10/2017,102.006,6.699
30/10/2017,101.866,6.711
27/10/2017,100.642,6.817
26/10/2017,100.9,6.795
25/10/2017,101.698,6.726
24/10/2017,101.895,6.709
23/10/2017,103.033,6.611
20/10/2017,102.87,6.625
19/10/2017,103.552,6.568
18/10/2017,103.182,6.599
17/10/2017,103.773,6.549
16/10/2017,102.157,6.686
13/10/2017,102.348,6.67
12/10/2017,101.511,6.742
11/10/2017,101.098,6.778
10/10/2017,101.339,6.757
06/10/2017,101.53,6.74
05/10/2017,101.922,6.706
04/10/2017,102.31,6.673
03/10/2017,102.3,6.674
02/10/2017,101.658,6.729
29/09/2017,101.798,6.717
28/09/2017,100.678,6.814
27/09/2017,99.529,6.916
26/09/2017,100.84,6.8
25/09/2017,101.127,6.775
22/09/2017,101.057,6.781
21/09/2017,100.176,6.858
20/09/2017,100.341,6.844
19/09/2017,99.783,6.893
18/09/2017,101.027,6.784
15/09/2017,101.398,6.752
14/09/2017,101.607,6.734
13/09/2017,101.483,6.745
12/09/2017,101.235,6.766
11/09/2017,101.914,6.707
08/09/2017,102.481,6.659
07/09/2017,102.639,6.646
06/09/2017,101.867,6.712
05/09/2017,102.107,6.691
01/09/2017,100.271,6.85
31/08/2017,100.226,6.854
30/08/2017,99.586,6.911
29/08/2017,99.651,6.905
28/08/2017,99.716,6.899
25/08/2017,99.496,6.919
24/08/2017,98.787,6.982
23/08/2017,99.112,6.953
22/08/2017,98.446,7.013
21/08/2017,98.86,6.976
18/08/2017,98.509,7.007
17/08/2017,98.926,6.97
16/08/2017,99.182,6.947
15/08/2017,98.504,7.008
14/08/2017,98.775,6.983
11/08/2017,98.103,7.044
10/08/2017,98.087,7.045
09/08/2017,98.342,7.022
08/08/2017,98.738,6.987
07/08/2017,98.684,6.992
04/08/2017,98.4,7.017
03/08/2017,98.65,6.995
02/08/2017,97.669,7.083
01/08/2017,97.929,7.06
31/07/2017,97.471,7.102
28/07/2017,97.435,7.105
27/07/2017,97.741,7.077
26/07/2017,97.583,7.091
25/07/2017,96.503,7.191
24/07/2017,97.44,7.104
21/07/2017,97.985,7.055
20/07/2017,97.98,7.055
19/07/2017,97.518,7.097
18/07/2017,97.587,7.091
17/07/2017,97.403,7.108
14/07/2017,96.872,7.157
13/07/2017,96.226,7.217
12/07/2017,96.255,7.214
11/07/2017,95.068,7.325
10/07/2017,95.247,7.308
07/07/2017,93.994,7.428
06/07/2017,94.205,7.408
05/07/2017,94.883,7.343
03/07/2017,94.891,7.342
30/06/2017,94.861,7.345
29/06/2017,94.649,7.365
28/06/2017,94.467,7.382
27/06/2017,94.322,7.396
26/06/2017,95.069,7.324
23/06/2017,94.149,7.412
22/06/2017,93.878,7.438
21/06/2017,93.084,7.515
20/06/2017,94.054,7.421
19/06/2017,95.074,7.324
16/06/2017,95.354,7.297
15/06/2017,95.088,7.322
14/06/2017,95.562,7.277
13/06/2017,94.607,7.368
12/06/2017,95.105,7.32
09/06/2017,95.957,7.24
08/06/2017,95.831,7.252
07/06/2017,96.524,7.187
06/06/2017,96.733,7.168
05/06/2017,96.271,7.211
02/06/2017,97.006,7.143
01/06/2017,96.421,7.197
31/05/2017,95.76,7.258
30/05/2017,95.676,7.266
26/05/2017,95.557,7.277
25/05/2017,95.272,7.304
24/05/2017,96.383,7.2
23/05/2017,95.062,7.324
22/05/2017,94.295,7.397
19/05/2017,94.619,7.366
18/05/2017,94.701,7.358
17/05/2017,98.501,7.007
16/05/2017,99.317,6.934
15/05/2017,99.012,6.961
12/05/2017,99.082,6.955
11/05/2017,97.312,7.114
10/05/2017,96.368,7.201
09/05/2017,96.036,7.232
08/05/2017,96.017,7.234
05/05/2017,96.18,7.218
04/05/2017,96.04,7.231
03/05/2017,96.621,7.178
02/05/2017,96.68,7.172
01/05/2017,95.867,7.247
28/04/2017,96.261,7.211
27/04/2017,95.67,7.266
26/04/2017,95.775,7.256
25/04/2017,96.147,7.221
24/04/2017,97.186,7.125
21/04/2017,96.643,7.175
20/04/2017,95.878,7.246
19/04/2017,95.855,7.248
18/04/2017,95.675,7.265
17/04/2017,95.79,7.254
13/04/2017,95.937,7.241
12/04/2017,96.124,7.223
11/04/2017,96.406,7.197
10/04/2017,95.764,7.257
07/04/2017,95.678,7.265
06/04/2017,95.639,7.268
05/04/2017,95.423,7.288
04/04/2017,95.237,7.306
03/04/2017,95.197,7.31
31/03/2017,95.04,7.324
30/03/2017,95.444,7.286
29/03/2017,94.796,7.347
28/03/2017,94.015,7.422
27/03/2017,92.856,7.534
24/03/2017,92.299,7.589
23/03/2017,92.47,7.572
22/03/2017,92.557,7.563
21/03/2017,92.138,7.605
20/03/2017,92.305,7.588
17/03/2017,92.257,7.593
16/03/2017,92.239,7.595
15/03/2017,92.32,7.586
14/03/2017,89.735,7.847
13/03/2017,90.712,7.747
10/03/2017,91.024,7.716
09/03/2017,89.006,7.922
08/03/2017,89.826,7.837
07/03/2017,92.351,7.583
06/03/2017,92.608,7.558
03/03/2017,92.898,7.53
02/03/2017,92.741,7.545
01/03/2017,92.779,7.541
28/02/2017,92.687,7.55
27/02/2017,93.346,7.486
24/02/2017,93.783,7.444
23/02/2017,94.109,7.412
22/02/2017,93.098,7.51
21/02/2017,92.556,7.563
17/02/2017,91.751,7.642
16/02/2017,92.281,7.59
15/02/2017,92.454,7.573
14/02/2017,93.533,7.468
13/02/2017,93.069,7.513
10/02/2017,92.843,7.535
09/02/2017,91.578,7.659
08/02/2017,91.759,7.641
07/02/2017,91.9,7.627
06/02/2017,92.873,7.532
03/02/2017,92.842,7.535
02/02/2017,92.182,7.599
01/02/2017,91.573,7.66
31/01/2017,90.181,7.8
30/01/2017,90.074,7.811
27/01/2017,89.864,7.833
26/01/2017,89.021,7.92
25/01/2017,89.93,7.826
24/01/2017,89.992,7.819
23/01/2017,89.713,7.848
20/01/2017,89.305,7.89
19/01/2017,89.249,7.896
18/01/2017,89.772,7.842
17/01/2017,91.136,7.703
13/01/2017,89.807,7.838
12/01/2017,89.524,7.867
11/01/2017,89.907,7.828
10/01/2017,89.81,7.837
09/01/2017,90.872,7.729
06/01/2017,89.987,7.819
05/01/2017,90.086,7.809
04/01/2017,87.808,8.046
03/01/2017,86.33,8.205
30/12/2016,86.299,8.208
29/12/2016,86.091,8.231
28/12/2016,85.824,8.26
27/12/2016,85.818,8.26
23/12/2016,86.036,8.236
22/12/2016,85.889,8.252
21/12/2016,85.538,8.291
20/12/2016,84.821,8.37
19/12/2016,84.426,8.414
16/12/2016,84.126,8.448
15/12/2016,84.249,8.434
14/12/2016,84.407,8.416
13/12/2016,85.862,8.254
12/12/2016,85.498,8.294
09/12/2016,85.113,8.337
08/12/2016,84.984,8.351
07/12/2016,86.125,8.225
06/12/2016,84.864,8.364
05/12/2016,82.975,8.579
02/12/2016,82.364,8.65
01/12/2016,82.292,8.658
30/11/2016,83.293,8.542
29/11/2016,83.398,8.529
28/11/2016,83.671,8.498
25/11/2016,83.454,8.523
23/11/2016,83.866,8.476
22/11/2016,83.589,8.507
21/11/2016,84.081,8.451
18/11/2016,83.198,8.552
17/11/2016,83.911,8.47
16/11/2016,83.242,8.546
15/11/2016,83.361,8.532
14/11/2016,80.424,8.879
10/11/2016,84.312,8.424
09/11/2016,87.88,8.034
08/11/2016,89.897,7.825
07/11/2016,90.09,7.805
04/11/2016,87.925,8.029
03/11/2016,87.98,8.023
02/11/2016,87.554,8.068
01/11/2016,88.941,7.922
31/10/2016,90.165,7.797
28/10/2016,89.654,7.849
27/10/2016,90.177,7.795
26/10/2016,90.787,7.734
25/10/2016,91.971,7.616
24/10/2016,92.197,7.594
21/10/2016,91.071,7.705
20/10/2016,90.565,7.756
19/10/2016,90.303,7.782
18/10/2016,89.213,7.894
17/10/2016,88.206,7.998
14/10/2016,88.228,7.996
13/10/2016,87.377,8.086
12/10/2016,86.514,8.179
11/10/2016,86.381,8.193
07/10/2016,86.196,8.213
06/10/2016,87.064,8.119
05/10/2016,86.053,8.228
04/10/2016,86.418,8.188
03/10/2016,87.842,8.036
30/09/2016,87.82,8.038
29/09/2016,88.566,7.96
28/09/2016,88.616,7.955
27/09/2016,89.068,7.908
26/09/2016,87.981,8.021
23/09/2016,88.532,7.963
22/09/2016,90.306,7.781
21/09/2016,89.79,7.833
20/09/2016,87.387,8.084
19/09/2016,87.269,8.096
16/09/2016,85.946,8.239
15/09/2016,86.306,8.2
14/09/2016,86.325,8.198
13/09/2016,86.354,8.194
12/09/2016,88.17,8.001
09/09/2016,87.634,8.057
08/09/2016,90.307,7.78
07/09/2016,90.856,7.725
06/09/2016,89.812,7.831
02/09/2016,89.014,7.912
01/09/2016,88.61,7.954
31/08/2016,89.095,7.904
30/08/2016,89.236,7.889
29/08/2016,88.924,7.922
26/08/2016,88.453,7.97
25/08/2016,87.951,8.023
24/08/2016,89.079,7.905
23/08/2016,89.549,7.857
22/08/2016,90.296,7.781
19/08/2016,90.257,7.785
18/08/2016,90.107,7.8
17/08/2016,90.066,7.804
16/08/2016,90.403,7.77
15/08/2016,90.187,7.792
12/08/2016,89.945,7.817
11/08/2016,88.872,7.927
10/08/2016,89.77,7.834
09/08/2016,89.591,7.853
08/08/2016,88.174,7.999
05/08/2016,86.298,8.199
04/08/2016,85.228,8.316
03/08/2016,83.259,8.538
02/08/2016,82.206,8.66
01/08/2016,82.677,8.605
29/07/2016,83.263,8.537
28/07/2016,82.717,8.6
27/07/2016,83.173,8.548
26/07/2016,82.903,8.579
25/07/2016,83.835,8.472
22/07/2016,84.348,8.414
21/07/2016,82.864,8.583
20/07/2016,83.039,8.563
19/07/2016,83.765,8.48
18/07/2016,84.131,8.438
15/07/2016,84.993,8.342
14/07/2016,85.893,8.243
13/07/2016,85.097,8.33
12/07/2016,84.532,8.393
11/07/2016,84.188,8.431
08/07/2016,83.276,8.535
07/07/2016,82.771,8.593
06/07/2016,82.794,8.59
05/07/2016,82.593,8.613
01/07/2016,83.184,8.544
30/06/2016,80.55,8.854
29/06/2016,79.356,9
28/06/2016,77.659,9.213
27/06/2016,76.323,9.386
24/06/2016,78.111,9.155
23/06/2016,78.489,9.107
22/06/2016,77.278,9.261
21/06/2016,76.223,9.398
20/06/2016,76.841,9.317
17/06/2016,75.47,9.498
16/06/2016,74.149,9.677
15/06/2016,74.448,9.636
14/06/2016,73.276,9.798
13/06/2016,73.988,9.699
10/06/2016,74.609,9.613
09/06/2016,75.165,9.538
08/06/2016,76.406,9.373
07/06/2016,75.231,9.528
06/06/2016,74.52,9.625
03/06/2016,74.09,9.684
02/06/2016,73.446,9.773
01/06/2016,71.64,10.031
31/05/2016,73.17,9.811
27/05/2016,73.788,9.725
26/05/2016,74.383,9.642
25/05/2016,74.814,9.583
24/05/2016,74.705,9.598
23/05/2016,74.082,9.683
20/05/2016,74.805,9.584
19/05/2016,74.033,9.689
18/05/2016,76.06,9.416
17/05/2016,78.349,9.12
16/05/2016,77.417,9.238
13/05/2016,77.429,9.237
12/05/2016,77.614,9.213
11/05/2016,77.611,9.213
10/05/2016,77.99,9.165
09/05/2016,77.249,9.259
06/05/2016,78.203,9.137
05/05/2016,78.764,9.067
04/05/2016,77.996,9.163
03/05/2016,77.946,9.169
02/05/2016,78.654,9.08
29/04/2016,78.92,9.047
28/04/2016,79.417,8.985
27/04/2016,78.277,9.127
26/04/2016,76.642,9.336
25/04/2016,76.551,9.348
22/04/2016,77.361,9.243
21/04/2016,77.501,9.225
20/04/2016,76.945,9.297
19/04/2016,77.184,9.265
18/04/2016,75.361,9.505
15/04/2016,76.286,9.382
14/04/2016,77.286,9.252
13/04/2016,74.466,9.626
12/04/2016,74.38,9.637
11/04/2016,71.696,10.015
08/04/2016,70.639,10.171
07/04/2016,70.416,10.204
06/04/2016,70.569,10.181
05/04/2016,69.278,10.376
04/04/2016,71.32,10.07
01/04/2016,71.808,9.998
31/03/2016,71.938,9.979
30/03/2016,72.277,9.93
29/03/2016,71.992,9.971
28/03/2016,71.055,10.108
24/03/2016,69.665,10.316
23/03/2016,71.265,10.077
22/03/2016,71.838,9.993
21/03/2016,71.434,10.051
18/03/2016,71.541,10.036
17/03/2016,70.727,10.155
16/03/2016,68.557,10.486
15/03/2016,68.182,10.545
14/03/2016,70.262,10.224
11/03/2016,71.186,10.087
10/03/2016,68.466,10.5
09/03/2016,68.097,10.558
08/03/2016,67.461,10.659
07/03/2016,67.784,10.607
04/03/2016,69.145,10.394
03/03/2016,66.347,10.84
02/03/2016,64.989,11.069
01/03/2016,63.757,11.283
29/02/2016,63.042,11.411
26/02/2016,62.045,11.593
25/02/2016,62.691,11.474
24/02/2016,63.849,11.266
23/02/2016,64.335,11.181
22/02/2016,64.676,11.121
19/02/2016,63.267,11.369
18/02/2016,63.389,11.347
17/02/2016,63.145,11.391
16/02/2016,60.931,11.801
12/02/2016,60.64,11.857
11/02/2016,59.391,12.102
10/02/2016,62.606,11.488
09/02/2016,61.69,11.657
08/02/2016,63.602,11.308
05/02/2016,63.9,11.255
04/02/2016,64.058,11.228
03/02/2016,63.077,11.402
02/02/2016,62.833,11.446
01/02/2016,63.49,11.328
29/01/2016,64.381,11.171
28/01/2016,63.75,11.281
27/01/2016,63.067,11.403
26/01/2016,62.101,11.58
25/01/2016,61.766,11.642
22/01/2016,62.284,11.546
21/01/2016,61.038,11.779
20/01/2016,59.831,12.013
19/01/2016,61.187,11.751
15/01/2016,61.781,11.639
14/01/2016,63.333,11.355
13/01/2016,62.586,11.489
12/01/2016,63.662,11.295
11/01/2016,64.481,11.151
08/01/2016,64.973,11.066
07/01/2016,64.579,11.134
06/01/2016,65.857,10.916
05/01/2016,67.378,10.666
04/01/2016,63.048,11.403
31/12/2015,63.198,11.376
30/12/2015,64.133,11.21
29/12/2015,63.575,11.308
28/12/2015,64.336,11.173
24/12/2015,64.786,11.095
23/12/2015,64.58,11.131
22/12/2015,62.844,11.438
21/12/2015,61.673,11.652
18/12/2015,63.928,11.243
17/12/2015,65.812,10.919
16/12/2015,63.816,11.262
15/12/2015,66.379,10.825
14/12/2015,66.002,10.887
11/12/2015,64.035,11.223
10/12/2015,65.72,10.934
09/12/2015,68.144,10.539
08/12/2015,67.71,10.607
07/12/2015,67.891,10.578
04/12/2015,68.233,10.524
03/12/2015,68.742,10.445
02/12/2015,68.911,10.418
01/12/2015,71.24,10.067
30/11/2015,69.453,10.334
27/11/2015,70.042,10.245
25/11/2015,69.94,10.26
24/11/2015,71.517,10.026
23/11/2015,72.186,9.929
20/11/2015,73.167,9.79
19/11/2015,75.374,9.488
18/11/2015,71.625,10.009
17/11/2015,71.444,10.035
16/11/2015,70.079,10.237
13/11/2015,67.392,10.655
12/11/2015,70.184,10.221
10/11/2015,70.227,10.214
09/11/2015,71.357,10.047
06/11/2015,73.29,9.771
05/11/2015,72.984,9.814
04/11/2015,72.883,9.828
03/11/2015,74.005,9.672
02/11/2015,73.037,9.806
30/10/2015,71.994,9.954
29/10/2015,71.795,9.982
28/10/2015,72.153,9.931
27/10/2015,70.577,10.16
26/10/2015,71.467,10.029
23/10/2015,70.699,10.142
22/10/2015,69.027,10.394
21/10/2015,69.16,10.374
20/10/2015,69.817,10.273
19/10/2015,70.918,10.109
16/10/2015,70.855,10.118
15/10/2015,70.565,10.161
14/10/2015,71.179,10.07
13/10/2015,72.575,9.869
09/10/2015,74.238,9.637
08/10/2015,71.961,9.956
07/10/2015,72.285,9.91
06/10/2015,72.576,9.868